{
  "impact_parameter": 10.0,
  "L": 100.0,
  "delay_std": 11.992891472468155,
  "delay_katala": 12.815130355743104,
  "deviation_percent": 6.856052063529017
}