{
  "version": "V12",
  "harmony": {
    "loop_integrity_pct": 13.636363636363635,
    "chord_sequence": [
      "Cmaj7",
      "Cmaj7",
      "Fmaj7",
      "Cmaj7",
      "Dm7",
      "Am7",
      "Cmaj7",
      "Am7",
      "Cmaj7",
      "Dm7",
      "Cmaj7",
      "Dm7",
      "Am7",
      "Cmaj7",
      "Cmaj7",
      "Am7",
      "Am7",
      "Dm7",
      "Am7",
      "Cmaj7",
      "Dm7",
      "Dm7"
    ],
    "confidences": [
      0.6879730855764877,
      0.5492442748855018,
      0.6009151614042559,
      0.5844720210802438,
      0.5178970602793406,
      0.5270511810323462,
      0.5788463608022242,
      0.5028767308987265,
      0.436937321490034,
      0.45422407498768674,
      0.6083114923603798,
      0.526477835552556,
      0.4923381522265619,
      0.37152435401478756,
      0.6085204041597286,
      0.4901087766459735,
      0.5682162030908477,
      0.5902596534580014,
      0.5702068368872442,
      0.602396853843466,
      0.5457804292997464,
      0.5305056607274857
    ]
  },
  "spectral": {
    "centroid": 1080.101218724665,
    "ref_centroid": 587.6012970601022
  },
  "stereo": {
    "lr_correlation": -0.003589186185217493,
    "stereo_width": 1.0035891861852175
  },
  "tempo": {
    "detected": 107.666015625,
    "target": 78
  },
  "avoid_violations": 12,
  "issues": [
    "ループ崩壊(14%)",
    "ステレオ位相不一致(corr=-0.004)",
    "テンポ乖離(108BPM)",
    "アヴォイド残留(12件)"
  ]
}