{
  "features": {
    "Bach_V5": {
      "spectral": {
        "centroid_hz": 1281.9658293342536,
        "rolloff_hz": 3018.9700664334396,
        "bandwidth_hz": 1210.6822259868504,
        "flatness": 4.281936071492964e-06,
        "contrast": [
          18.701209131248437,
          30.648690984984956,
          21.103860558265026,
          19.08462911865126,
          40.65300470958657,
          27.348605306564625,
          41.96468001256215
        ]
      },
      "envelope": {
        "attack_ms": 4597.6,
        "decay_ms": 185.8,
        "sustain_ratio": 0.409,
        "onset_strength_mean": 1.084,
        "onset_strength_max": 18.883,
        "temporal_centroid": 0.505
      },
      "mfcc": {
        "mean": [
          -651.8070678710938,
          71.98876953125,
          4.508426189422607,
          68.16783142089844,
          56.19260787963867,
          -15.335533142089844,
          -11.244088172912598,
          8.265642166137695,
          -22.194303512573242,
          -37.07402420043945,
          -19.51814079284668,
          -23.560850143432617,
          -29.319408416748047
        ],
        "std": [
          66.34002685546875,
          39.1478385925293,
          17.434993743896484,
          19.70163345336914,
          33.50794219970703,
          29.6671085357666,
          18.631147384643555,
          19.36495590209961,
          26.150238037109375,
          17.177932739257812,
          14.167961120605469,
          23.557395935058594,
          21.639623641967773
        ],
        "delta_mean": [
          -0.2536770701408386,
          -0.11769571155309677,
          0.09814263880252838,
          -0.09795451164245605,
          -0.096625916659832,
          0.16330647468566895,
          0.058037661015987396,
          -0.07713586837053299,
          0.0759032592177391,
          0.09111166000366211,
          0.012026164680719376,
          0.051355063915252686,
          0.14620818197727203
        ],
        "delta2_mean": [
          0.24076491594314575,
          0.1588185429573059,
          -0.03463968262076378,
          -0.005986266769468784,
          -0.0039004140999168158,
          -0.03467973321676254,
          -0.013187008909881115,
          -0.004308424424380064,
          0.012105085887014866,
          0.026183966547250748,
          -0.0004620286636054516,
          -0.0033680812921375036,
          0.02402927353978157
        ]
      },
      "harmonics": {
        "hnr_db": 11.2,
        "odd_even_ratio": 1.072,
        "inharmonicity": 1.1456,
        "harmonic_ratio": 0.929
      },
      "perceptual": {
        "brightness": 0.256,
        "warmth": 0.744,
        "sharpness": 0.217,
        "roughness": 0.0,
        "depth": 0.281
      }
    },
    "Mozart_V3": {
      "spectral": {
        "centroid_hz": 2194.0293067475013,
        "rolloff_hz": 5073.942095055105,
        "bandwidth_hz": 1986.2255574785727,
        "flatness": 4.4011263526044786e-05,
        "contrast": [
          21.025974565850607,
          23.216110681762437,
          32.74876461191953,
          21.3130822668551,
          36.308946014650985,
          40.533689265206895,
          53.73199224687769
        ]
      },
      "envelope": {
        "attack_ms": 2786.4,
        "decay_ms": 650.2,
        "sustain_ratio": 0.617,
        "onset_strength_mean": 2.144,
        "onset_strength_max": 16.313,
        "temporal_centroid": 0.481
      },
      "mfcc": {
        "mean": [
          -501.6831359863281,
          84.36624145507812,
          17.586589813232422,
          88.3441390991211,
          -9.989666938781738,
          -14.004305839538574,
          -63.566959381103516,
          -31.588586807250977,
          4.4001288414001465,
          -35.571510314941406,
          -16.619632720947266,
          -0.01718020997941494,
          -18.908964157104492
        ],
        "std": [
          59.02280807495117,
          27.167831420898438,
          12.766804695129395,
          40.23167419433594,
          26.601837158203125,
          14.816888809204102,
          25.897823333740234,
          32.67332458496094,
          18.808683395385742,
          32.65001678466797,
          29.1536808013916,
          16.892831802368164,
          18.16427230834961
        ],
        "delta_mean": [
          -0.13863052427768707,
          -0.1699952483177185,
          0.057668402791023254,
          -0.09915037453174591,
          -0.10734335333108902,
          -0.03594809025526047,
          -0.13969174027442932,
          0.1658705472946167,
          0.006752585060894489,
          -0.16342927515506744,
          0.1972220093011856,
          0.11477509886026382,
          -0.07319409400224686
        ],
        "delta2_mean": [
          0.20958508551120758,
          0.08639612793922424,
          -0.04275665059685707,
          -0.046840813010931015,
          -0.03153103590011597,
          0.032546546310186386,
          0.049547918140888214,
          -0.04480225220322609,
          -0.010158457793295383,
          0.03352274373173714,
          -0.02314087562263012,
          -0.01846623793244362,
          -0.0007553299656137824
        ]
      },
      "harmonics": {
        "hnr_db": 9.1,
        "odd_even_ratio": 0.951,
        "inharmonicity": 0.3333,
        "harmonic_ratio": 0.891
      },
      "perceptual": {
        "brightness": 0.439,
        "warmth": 0.561,
        "sharpness": 0.429,
        "roughness": 0.0,
        "depth": 0.186
      }
    },
    "Lofi_V2": {
      "spectral": {
        "centroid_hz": 1576.497235711595,
        "rolloff_hz": 5201.417658334542,
        "bandwidth_hz": 1713.2271359516892,
        "flatness": 0.0013361749006435275,
        "contrast": [
          28.731113566359877,
          20.416520284497693,
          24.64021244372202,
          22.263134647030853,
          20.26805096045933,
          19.10379056631245,
          53.563874897001355
        ]
      },
      "envelope": {
        "attack_ms": 46.4,
        "decay_ms": 2902.5,
        "sustain_ratio": 0.638,
        "onset_strength_mean": 1.073,
        "onset_strength_max": 13.998,
        "temporal_centroid": 0.503
      },
      "mfcc": {
        "mean": [
          -119.8421401977539,
          136.6552734375,
          -51.05165481567383,
          55.56302261352539,
          -29.17796516418457,
          19.924407958984375,
          -16.360675811767578,
          -0.31432291865348816,
          -5.985206604003906,
          -5.2955193519592285,
          -4.5375237464904785,
          -11.695331573486328,
          -9.618529319763184
        ],
        "std": [
          21.36074447631836,
          12.555631637573242,
          10.187614440917969,
          7.763213157653809,
          7.675182819366455,
          6.963924407958984,
          7.365636825561523,
          6.594014644622803,
          7.02011775970459,
          6.782992839813232,
          7.698143482208252,
          5.653700828552246,
          6.280270099639893
        ],
        "delta_mean": [
          -0.034217189997434616,
          -0.08758833259344101,
          -0.11404573172330856,
          -0.041051607578992844,
          -0.02812839113175869,
          -0.017758937552571297,
          0.017223255708813667,
          -0.01892044208943844,
          0.011708399280905724,
          -0.04299074411392212,
          -0.05832032486796379,
          -0.021996434777975082,
          -0.018253812566399574
        ],
        "delta2_mean": [
          0.022151349112391472,
          0.0318136103451252,
          0.035363003611564636,
          -0.016447246074676514,
          -0.017711786553263664,
          -0.019115189090371132,
          -0.004426899366080761,
          -0.0036280215717852116,
          0.004872627090662718,
          0.014619093388319016,
          0.01132429949939251,
          -0.004075950011610985,
          0.009861367754638195
        ]
      },